[{
    "name":"Thor",
    "movie_id":1020,
    "genre":"Action",
    "imdb":"7.8",
    "img":"thor.jpg"
  },
  {
    "name":"Shutter Island",
    "movie_id":5050,
    "genre":"Thriller",
    "imdb":"8.1",
    "img":"shutter.webp"
  },
  {
    "name":"Lunch Box",
    "movie_id":6080,
    "genre":"Drama",
    "imdb":"7.8",
    "img":"lunch.jpg"
    
  },
  {
    "name":"Home Alone",
    "movie_id":8528,
    "genre":"Comedy",
    "imdb":"7.2",
    "img":"home.jpg"
  },
  {
    "name":"12 Strong",
    "movie_id":4750,
    "genre":"Action",
    "imdb":"6.8",
    "img":"12.jpg"
  }

]