<?xml version="1.0" encoding="UTF-8"?>
<!DOCTYPE hibernate-configuration PUBLIC
		"-//Hibernate/Hibernate Configuration DTD 3.0//EN"
		"http://hibernate.sourceforge.net/hibernate-configuration-3.0.dtd">
<hibernate-configuration>
<session-factory>
<property name="hibernate.connection.driver_class">org.mariadb.jdbc.Driver</property>
<property name="hibernate.connection.url">jdbc:mariadb://127.0.0.1:3306/test</property>
<property name="hibernate.connection.username">root</property>
<property name="connection.password">root</property>
<property name="connection.pool_size">10</property>
<property name="hibernate.dialect">org.hibernate.dialect.MySQL5Dialect</property>
<property name="show_sql">false</property>
<property name="hibernate.hbm2ddl.auto">create</property>
<mapping class="Address"/>
<mapping class="Employee"/>

</session-factory>
</hibernate-configuration>