[{
    "name":"Thor",
    "movie_id":1020,
    "genre":"Action",
    "imdb":"7.8",
    "img":"../assets/thor.jpg"
  },
  {
    "name":"Shutter_Island",
    "movie_id":5050,
    "genre":"Thriller",
    "imdb":"8.1",
    "img":"../assets/shutter.webp"
  },
  {
    "name":"Lunch_Box",
    "movie_id":6080,
    "genre":"Drama",
    "imdb":"7.8",
    "img":"../assets/lunch.jpg"
    
  },
  {
    "name":"Home_Alone",
    "movie_id":8528,
    "genre":"Comedy",
    "imdb":"7.2",
    "img":"../assets/home.jpg"
  },
  {
    "name":"12_Strong",
    "movie_id":4750,
    "genre":"Action",
    "imdb":"6.8",
    "img":"../assets/12.jpg"
  }

]